{"cameraMode":{"drawMode":0,"name":"Shaded","section":"Shading Mode"},"sceneLighting":true,"audioPlay":false,"sceneViewState":{"showFog":true,"showMaterialUpdate":false,"showSkybox":false,"showFlares":true,"showImageEffects":true,"showParticleSystems":true},"in2DMode":false,"pivot":{"x":1.2063482999801636,"y":14.376189231872559,"z":-2.9525885581970217},"rotation":{"x":0.564623236656189,"y":0.006931371986865997,"z":-0.004742246586829424,"w":0.8253074884414673},"size":22.93438720703125,"orthographic":false}