{"cameraMode":{"drawMode":0,"name":"Shaded","section":"Shading Mode"},"sceneLighting":true,"audioPlay":false,"sceneViewState":{"showFog":true,"showMaterialUpdate":false,"showSkybox":false,"showFlares":true,"showImageEffects":true,"showParticleSystems":true},"in2DMode":false,"pivot":{"x":1.1596784591674805,"y":0.8886032104492188,"z":-2.184065341949463},"rotation":{"x":0.5666069388389587,"y":-0.0061785196885466579,"z":0.004251004662364721,"w":0.8239609003067017},"size":36.210052490234378,"orthographic":false}