{"cameraMode":{"drawMode":0,"name":"Shaded","section":"Shading Mode"},"sceneLighting":true,"audioPlay":false,"sceneViewState":{"showFog":true,"showMaterialUpdate":false,"showSkybox":false,"showFlares":true,"showImageEffects":true,"showParticleSystems":true},"in2DMode":false,"pivot":{"x":10.564202308654786,"y":-25.967342376708986,"z":36.64021301269531},"rotation":{"x":-0.10024409741163254,"y":0.8896530270576477,"z":-0.2355877310037613,"w":-0.37823012471199038},"size":97.11497497558594,"orthographic":false}