{"cameraMode":{"drawMode":0,"name":"Shaded","section":"Shading Mode"},"sceneLighting":true,"audioPlay":false,"sceneViewState":{"showFog":true,"showMaterialUpdate":false,"showSkybox":false,"showFlares":true,"showImageEffects":true,"showParticleSystems":true},"in2DMode":false,"pivot":{"x":-0.5173367261886597,"y":1.158336877822876,"z":-0.4311869144439697},"rotation":{"x":0.06820988655090332,"y":-0.31696897745132449,"z":0.022858381271362306,"w":0.9457088708877564},"size":2.514733076095581,"orthographic":true}