{"cameraMode":{"drawMode":0,"name":"Shaded","section":"Shading Mode"},"sceneLighting":true,"audioPlay":false,"sceneViewState":{"showFog":true,"showMaterialUpdate":false,"showSkybox":false,"showFlares":true,"showImageEffects":true,"showParticleSystems":true},"in2DMode":false,"pivot":{"x":162.6761016845703,"y":-2.7181320190429689,"z":3.3064489364624025},"rotation":{"x":-0.4563492238521576,"y":0.01974780298769474,"z":-0.010133334435522557,"w":-0.8895574808120728},"size":21.399030685424806,"orthographic":false}