{"cameraMode":{"drawMode":0,"name":"Shaded","section":"Shading Mode"},"sceneLighting":true,"audioPlay":false,"sceneViewState":{"showFog":true,"showMaterialUpdate":false,"showSkybox":false,"showFlares":true,"showImageEffects":true,"showParticleSystems":true},"in2DMode":false,"pivot":{"x":98.11165618896485,"y":19.557037353515626,"z":91.5600357055664},"rotation":{"x":0.537632167339325,"y":0.02552337944507599,"z":-0.01634981296956539,"w":0.8426764607429504},"size":-2.194329023361206,"orthographic":false}