{"cameraMode":{"drawMode":0,"name":"Shaded","section":"Shading Mode"},"sceneLighting":false,"audioPlay":false,"sceneViewState":{"showFog":true,"showMaterialUpdate":false,"showSkybox":false,"showFlares":true,"showImageEffects":true,"showParticleSystems":true},"in2DMode":false,"pivot":{"x":3.4691426753997804,"y":-2.589801788330078,"z":3.3783583641052248},"rotation":{"x":-0.11797371506690979,"y":-0.8737521767616272,"z":0.39176520705223086,"w":-0.26311275362968447},"size":0.6461988687515259,"orthographic":false}