{"cameraMode":{"drawMode":0,"name":"Shaded","section":"Shading Mode"},"sceneLighting":true,"audioPlay":false,"sceneViewState":{"showFog":true,"showMaterialUpdate":false,"showSkybox":false,"showFlares":true,"showImageEffects":true,"showParticleSystems":true},"in2DMode":false,"pivot":{"x":-0.5173367261886597,"y":1.158336877822876,"z":-0.4311869144439697},"rotation":{"x":0.04793136939406395,"y":-0.8811486959457398,"z":0.09152457863092423,"w":0.4614242613315582},"size":4.041583061218262,"orthographic":false}