{"cameraMode":{"drawMode":0,"name":"Shaded","section":"Shading Mode"},"sceneLighting":true,"audioPlay":false,"sceneViewState":{"showFog":true,"showMaterialUpdate":false,"showSkybox":false,"showFlares":true,"showImageEffects":true,"showParticleSystems":true},"in2DMode":false,"pivot":{"x":-3.9517974853515627,"y":0.23441696166992188,"z":3.039341926574707},"rotation":{"x":-0.38291487097740176,"y":-0.015523368492722512,"z":0.006437863688915968,"w":-0.9236556887626648},"size":9.656548500061036,"orthographic":false}