{"cameraMode":{"drawMode":0,"name":"Shaded","section":"Shading Mode"},"sceneLighting":true,"audioPlay":false,"sceneViewState":{"showFog":true,"showMaterialUpdate":false,"showSkybox":false,"showFlares":true,"showImageEffects":true,"showParticleSystems":true},"in2DMode":false,"pivot":{"x":-2.0751380920410158,"y":-0.050079345703125,"z":-1.8664827346801758},"rotation":{"x":0.4651394486427307,"y":0.01858236826956272,"z":-0.009781844913959504,"w":0.8850100636482239},"size":18.048730850219728,"orthographic":false}