{"cameraMode":{"drawMode":0,"name":"Shaded","section":"Shading Mode"},"sceneLighting":true,"audioPlay":false,"sceneViewState":{"showFog":true,"showMaterialUpdate":false,"showSkybox":false,"showFlares":true,"showImageEffects":true,"showParticleSystems":true},"in2DMode":false,"pivot":{"x":101.08345031738281,"y":-96.62035369873047,"z":66.08003234863281},"rotation":{"x":-0.008375448174774647,"y":0.8314976096153259,"z":-0.5554091930389404,"w":-0.012458393350243569},"size":132.42555236816407,"orthographic":false}