{"cameraMode":{"drawMode":0,"name":"Shaded","section":"Shading Mode"},"sceneLighting":true,"audioPlay":false,"sceneViewState":{"showFog":true,"showMaterialUpdate":false,"showSkybox":false,"showFlares":true,"showImageEffects":true,"showParticleSystems":true},"in2DMode":false,"pivot":{"x":-1.6668509244918824,"y":0.8886030316352844,"z":-3.221316337585449},"rotation":{"x":-0.0014870231971144677,"y":0.9941431879997253,"z":-0.10778570920228958,"w":-0.013408786617219448},"size":7.925078392028809,"orthographic":true}