{"cameraMode":{"drawMode":0,"name":"Shaded","section":"Shading Mode"},"sceneLighting":false,"audioPlay":false,"sceneViewState":{"showFog":true,"showMaterialUpdate":false,"showSkybox":false,"showFlares":true,"showImageEffects":true,"showParticleSystems":true},"in2DMode":false,"pivot":{"x":0.0,"y":1.3731579780578614,"z":1.287570595741272},"rotation":{"x":0.0055136182345449928,"y":-0.7903302311897278,"z":0.007113262079656124,"w":0.612617552280426},"size":0.961919903755188,"orthographic":true}