{"cameraMode":{"drawMode":0,"name":"Shaded","section":"Shading Mode"},"sceneLighting":false,"audioPlay":false,"sceneViewState":{"showFog":true,"showMaterialUpdate":false,"showSkybox":false,"showFlares":true,"showImageEffects":true,"showParticleSystems":true},"in2DMode":false,"pivot":{"x":-1.013991355895996,"y":0.503199577331543,"z":-6.077877044677734},"rotation":{"x":-0.09759357571601868,"y":0.03492271155118942,"z":-0.003426609793677926,"w":-0.994608998298645},"size":16.75380516052246,"orthographic":false}