{"cameraMode":{"drawMode":0,"name":"Shaded","section":"Shading Mode"},"sceneLighting":true,"audioPlay":false,"sceneViewState":{"showFog":true,"showMaterialUpdate":false,"showSkybox":false,"showFlares":true,"showImageEffects":true,"showParticleSystems":true},"in2DMode":false,"pivot":{"x":2.592590570449829,"y":-4.427030563354492,"z":-1.8974699974060059},"rotation":{"x":0.004455360118299723,"y":-0.9055831432342529,"z":0.42411935329437258,"w":0.0095152473077178},"size":29.28042984008789,"orthographic":false}