{"cameraMode":{"drawMode":0,"name":"Shaded","section":"Shading Mode"},"sceneLighting":true,"audioPlay":false,"sceneViewState":{"showFog":true,"showMaterialUpdate":false,"showSkybox":false,"showFlares":true,"showImageEffects":true,"showParticleSystems":true},"in2DMode":false,"pivot":{"x":-2.341559886932373,"y":3.0330777168273927,"z":0.6507863998413086},"rotation":{"x":0.28307047486305239,"y":0.050611887127161029,"z":-0.015013993717730046,"w":0.9576821327209473},"size":44.24491500854492,"orthographic":false}