{"cameraMode":{"drawMode":0,"name":"Shaded","section":"Shading Mode"},"sceneLighting":true,"audioPlay":false,"sceneViewState":{"showFog":true,"showMaterialUpdate":false,"showSkybox":false,"showFlares":true,"showImageEffects":true,"showParticleSystems":true},"in2DMode":false,"pivot":{"x":1.88213312625885,"y":14.583963394165039,"z":-2.4294371604919435},"rotation":{"x":0.564623236656189,"y":0.006931371986865997,"z":-0.004742246586829424,"w":0.8253074884414673},"size":12.91264820098877,"orthographic":false}