{"cameraMode":{"drawMode":0,"name":"Shaded","section":"Shading Mode"},"sceneLighting":false,"audioPlay":false,"sceneViewState":{"showFog":true,"showMaterialUpdate":false,"showSkybox":false,"showFlares":true,"showImageEffects":true,"showParticleSystems":true},"in2DMode":false,"pivot":{"x":0.6043920516967773,"y":7.637035369873047,"z":-1.2532501220703126},"rotation":{"x":-0.25299155712127688,"y":0.27727630734443667,"z":-0.07593308389186859,"w":-0.9237828850746155},"size":11.431538581848145,"orthographic":false}