{"cameraMode":{"drawMode":0,"name":"Shaded","section":"Shading Mode"},"sceneLighting":false,"audioPlay":false,"sceneViewState":{"showFog":true,"showMaterialUpdate":false,"showSkybox":false,"showFlares":true,"showImageEffects":true,"showParticleSystems":true},"in2DMode":false,"pivot":{"x":0.0,"y":1.3731579780578614,"z":1.287570595741272},"rotation":{"x":0.05014323443174362,"y":-0.7822422385215759,"z":0.06350058317184448,"w":0.6176975965499878},"size":0.9956452250480652,"orthographic":false}