{"cameraMode":{"drawMode":0,"name":"Shaded","section":"Shading Mode"},"sceneLighting":true,"audioPlay":false,"sceneViewState":{"showFog":true,"showMaterialUpdate":false,"showSkybox":false,"showFlares":true,"showImageEffects":true,"showParticleSystems":true},"in2DMode":false,"pivot":{"x":3.533902168273926,"y":13.805826187133789,"z":-0.103607177734375},"rotation":{"x":-0.06166696920990944,"y":-0.7019091248512268,"z":0.06121455878019333,"w":-0.7069693207740784},"size":11.879066467285157,"orthographic":false}