{"cameraMode":{"drawMode":0,"name":"Shaded","section":"Shading Mode"},"sceneLighting":true,"audioPlay":false,"sceneViewState":{"showFog":true,"showMaterialUpdate":false,"showSkybox":false,"showFlares":true,"showImageEffects":true,"showParticleSystems":true},"in2DMode":false,"pivot":{"x":22.97542953491211,"y":-0.5085067749023438,"z":0.18280029296875},"rotation":{"x":-0.4563492238521576,"y":0.01974780298769474,"z":-0.010133334435522557,"w":-0.8895574808120728},"size":69.41490936279297,"orthographic":false}