{"cameraMode":{"drawMode":0,"name":"Shaded","section":"Shading Mode"},"sceneLighting":true,"audioPlay":false,"sceneViewState":{"showFog":true,"showMaterialUpdate":false,"showSkybox":false,"showFlares":true,"showImageEffects":true,"showParticleSystems":true},"in2DMode":false,"pivot":{"x":-0.5173367261886597,"y":1.158336877822876,"z":-0.4311869144439697},"rotation":{"x":0.18209627270698548,"y":-0.3708558976650238,"z":0.07440224289894104,"w":0.9076237678527832},"size":2.514733076095581,"orthographic":false}