{"cameraMode":{"drawMode":0,"name":"Shaded","section":"Shading Mode"},"sceneLighting":true,"audioPlay":false,"sceneViewState":{"showFog":true,"showMaterialUpdate":false,"showSkybox":false,"showFlares":true,"showImageEffects":true,"showParticleSystems":true},"in2DMode":false,"pivot":{"x":-2.2298009395599367,"y":1.3323554992675782,"z":-1.259821891784668},"rotation":{"x":0.3147924840450287,"y":-0.2629168927669525,"z":0.09118780493736267,"w":0.907468855381012},"size":18.583925247192384,"orthographic":false}