{"cameraMode":{"drawMode":0,"name":"Shaded","section":"Shading Mode"},"sceneLighting":true,"audioPlay":false,"sceneViewState":{"showFog":true,"showMaterialUpdate":false,"showSkybox":false,"showFlares":true,"showImageEffects":true,"showParticleSystems":true},"in2DMode":false,"pivot":{"x":-1.831939697265625,"y":0.4026517868041992,"z":23.485607147216798},"rotation":{"x":0.1471482813358307,"y":-0.21968622505664826,"z":0.03353734686970711,"w":0.9638310670852661},"size":26.262121200561525,"orthographic":false}