{"cameraMode":{"drawMode":0,"name":"Shaded","section":"Shading Mode"},"sceneLighting":true,"audioPlay":false,"sceneViewState":{"showFog":true,"showMaterialUpdate":false,"showSkybox":false,"showFlares":true,"showImageEffects":true,"showParticleSystems":true},"in2DMode":false,"pivot":{"x":-3.9517974853515627,"y":0.23441696166992188,"z":3.039341926574707},"rotation":{"x":-0.2126820683479309,"y":0.7032200694084168,"z":-0.23498988151550294,"w":-0.6364532113075256},"size":35.05318069458008,"orthographic":false}