{"cameraMode":{"drawMode":0,"name":"Shaded","section":"Shading Mode"},"sceneLighting":true,"audioPlay":false,"sceneViewState":{"showFog":true,"showMaterialUpdate":false,"showSkybox":false,"showFlares":true,"showImageEffects":true,"showParticleSystems":true},"in2DMode":false,"pivot":{"x":-1.9530739784240723,"y":2.593726396560669,"z":3.8482134342193605},"rotation":{"x":0.2556537091732025,"y":-0.2682545781135559,"z":0.07403742522001267,"w":0.9258783459663391},"size":11.153922080993653,"orthographic":false}