{"cameraMode":{"drawMode":0,"name":"Shaded","section":"Shading Mode"},"sceneLighting":true,"audioPlay":false,"sceneViewState":{"showFog":true,"showMaterialUpdate":false,"showSkybox":false,"showFlares":true,"showImageEffects":true,"showParticleSystems":true},"in2DMode":false,"pivot":{"x":251.0264129638672,"y":142.26919555664063,"z":219.8004150390625},"rotation":{"x":0.1818932741880417,"y":-0.03125248849391937,"z":0.005794322118163109,"w":0.9828414916992188},"size":950.8447265625,"orthographic":false}