{"cameraMode":{"drawMode":0,"name":"Shaded","section":"Shading Mode"},"sceneLighting":true,"audioPlay":false,"sceneViewState":{"showFog":true,"showMaterialUpdate":false,"showSkybox":false,"showFlares":true,"showImageEffects":true,"showParticleSystems":true},"in2DMode":false,"pivot":{"x":-3.3635339736938478,"y":1.2004668712615967,"z":3.698298215866089},"rotation":{"x":0.4068898856639862,"y":-0.03699161857366562,"z":0.01646362617611885,"w":0.9126113057136536},"size":3.5624804496765138,"orthographic":true}