{"cameraMode":{"drawMode":0,"name":"Shaded","section":"Shading Mode"},"sceneLighting":false,"audioPlay":false,"sceneViewState":{"showFog":true,"showMaterialUpdate":false,"showSkybox":false,"showFlares":true,"showImageEffects":true,"showParticleSystems":true},"in2DMode":false,"pivot":{"x":1.1596784591674805,"y":0.8886032104492188,"z":-2.184065341949463},"rotation":{"x":0.3035094738006592,"y":0.01286088116466999,"z":-0.004106284584850073,"w":0.952748715877533},"size":22.0,"orthographic":false}