{"cameraMode":{"drawMode":0,"name":"Shaded","section":"Shading Mode"},"sceneLighting":true,"audioPlay":false,"sceneViewState":{"showFog":true,"showMaterialUpdate":false,"showSkybox":false,"showFlares":true,"showImageEffects":true,"showParticleSystems":true},"in2DMode":false,"pivot":{"x":-1.6668509244918824,"y":0.8886030316352844,"z":-3.221316337585449},"rotation":{"x":-0.16961276531219483,"y":0.7710632681846619,"z":-0.22964319586753846,"w":-0.5692809224128723},"size":23.81830406188965,"orthographic":true}