{"cameraMode":{"drawMode":0,"name":"Shaded","section":"Shading Mode"},"sceneLighting":false,"audioPlay":false,"sceneViewState":{"showFog":true,"showMaterialUpdate":false,"showSkybox":false,"showFlares":true,"showImageEffects":true,"showParticleSystems":true},"in2DMode":false,"pivot":{"x":-1.013991355895996,"y":0.503199577331543,"z":-6.077877044677734},"rotation":{"x":-0.16715319454669953,"y":0.6750924587249756,"z":-0.16113539040088654,"w":-0.7002633213996887},"size":77.51950073242188,"orthographic":false}