{"cameraMode":{"drawMode":0,"name":"Shaded","section":"Shading Mode"},"sceneLighting":true,"audioPlay":false,"sceneViewState":{"showFog":true,"showMaterialUpdate":false,"showSkybox":false,"showFlares":true,"showImageEffects":true,"showParticleSystems":true},"in2DMode":false,"pivot":{"x":-5.139125823974609,"y":-12.23553466796875,"z":14.436006546020508},"rotation":{"x":0.33217763900756838,"y":-0.044404976069927219,"z":0.015656286850571634,"w":0.9420477747917175},"size":36.87456512451172,"orthographic":false}