{"cameraMode":{"drawMode":0,"name":"Shaded","section":"Shading Mode"},"sceneLighting":false,"audioPlay":false,"sceneViewState":{"showFog":true,"showMaterialUpdate":false,"showSkybox":false,"showFlares":true,"showImageEffects":true,"showParticleSystems":true},"in2DMode":false,"pivot":{"x":-5.4931135177612309,"y":2.682760238647461,"z":1.5058809518814088},"rotation":{"x":-0.08599389344453812,"y":-0.7742344737052918,"z":0.10777782648801804,"w":-0.6178434491157532},"size":37.248870849609378,"orthographic":false}