{"cameraMode":{"drawMode":0,"name":"Shaded","section":"Shading Mode"},"sceneLighting":true,"audioPlay":false,"sceneViewState":{"showFog":true,"showMaterialUpdate":false,"showSkybox":false,"showFlares":true,"showImageEffects":true,"showParticleSystems":true},"in2DMode":false,"pivot":{"x":-5.210732460021973,"y":1.2692646980285645,"z":7.808453559875488},"rotation":{"x":-0.2126820683479309,"y":0.7032200694084168,"z":-0.23498988151550294,"w":-0.6364532113075256},"size":1.9333999156951905,"orthographic":false}