{"cameraMode":{"drawMode":0,"name":"Shaded","section":"Shading Mode"},"sceneLighting":true,"audioPlay":false,"sceneViewState":{"showFog":true,"showMaterialUpdate":false,"showSkybox":false,"showFlares":true,"showImageEffects":true,"showParticleSystems":true},"in2DMode":false,"pivot":{"x":-1.9530739784240723,"y":2.593726396560669,"z":3.8482134342193605},"rotation":{"x":0.07730012387037277,"y":0.023924333974719049,"z":-0.0018882560543715954,"w":0.9967458844184876},"size":4.919009208679199,"orthographic":false}