{"cameraMode":{"drawMode":0,"name":"Shaded","section":"Shading Mode"},"sceneLighting":false,"audioPlay":false,"sceneViewState":{"showFog":true,"showMaterialUpdate":false,"showSkybox":false,"showFlares":true,"showImageEffects":true,"showParticleSystems":true},"in2DMode":false,"pivot":{"x":-0.82310950756073,"y":2.3495805263519289,"z":-2.295396327972412},"rotation":{"x":0.32889315485954287,"y":0.21275293827056886,"z":-0.07634012401103974,"w":0.9169386029243469},"size":-0.18200135231018067,"orthographic":false}