{"cameraMode":{"drawMode":0,"name":"Shaded","section":"Shading Mode"},"sceneLighting":true,"audioPlay":false,"sceneViewState":{"showFog":true,"showMaterialUpdate":false,"showSkybox":false,"showFlares":true,"showImageEffects":true,"showParticleSystems":true},"in2DMode":false,"pivot":{"x":-0.1494140625,"y":1.346935510635376,"z":0.6909051537513733},"rotation":{"x":0.04740694910287857,"y":-0.7097184658050537,"z":0.047978393733501437,"w":0.7012519240379334},"size":3.883283853530884,"orthographic":false}