{"cameraMode":{"drawMode":0,"name":"Shaded","section":"Shading Mode"},"sceneLighting":true,"audioPlay":false,"sceneViewState":{"showFog":true,"showMaterialUpdate":false,"showSkybox":false,"showFlares":true,"showImageEffects":true,"showParticleSystems":true},"in2DMode":false,"pivot":{"x":-0.4031728208065033,"y":-1.0382357835769654,"z":1.8162953853607178},"rotation":{"x":0.3065602481365204,"y":-0.08667463809251785,"z":0.027926381677389146,"w":0.9475262761116028},"size":24.492340087890626,"orthographic":false}