{"cameraMode":{"drawMode":0,"name":"Shaded","section":"Shading Mode"},"sceneLighting":true,"audioPlay":false,"sceneViewState":{"showFog":true,"showMaterialUpdate":false,"showSkybox":false,"showFlares":true,"showImageEffects":true,"showParticleSystems":true},"in2DMode":false,"pivot":{"x":-0.16142773628234864,"y":7.599811553955078,"z":0.5962104201316834},"rotation":{"x":-0.48943090438842776,"y":-0.16567450761795045,"z":0.09529367834329605,"w":-0.8508573770523071},"size":14.219144821166993,"orthographic":false}