{"cameraMode":{"drawMode":0,"name":"Shaded","section":"Shading Mode"},"sceneLighting":true,"audioPlay":false,"sceneViewState":{"showFog":true,"showMaterialUpdate":false,"showSkybox":false,"showFlares":true,"showImageEffects":true,"showParticleSystems":true},"in2DMode":false,"pivot":{"x":-1.101684331893921,"y":-0.4002307653427124,"z":0.7762969732284546},"rotation":{"x":0.21854105591773988,"y":-0.48324713110923769,"z":0.1259688287973404,"w":0.8383631706237793},"size":4.12094259262085,"orthographic":false}