{"cameraMode":{"drawMode":0,"name":"Shaded","section":"Shading Mode"},"sceneLighting":false,"audioPlay":false,"sceneViewState":{"showFog":true,"showMaterialUpdate":false,"showSkybox":false,"showFlares":true,"showImageEffects":true,"showParticleSystems":true},"in2DMode":false,"pivot":{"x":-1.013991355895996,"y":0.503199577331543,"z":-6.077877044677734},"rotation":{"x":-0.03963295742869377,"y":0.9599171876907349,"z":-0.21093855798244477,"w":-0.1803327053785324},"size":23.929363250732423,"orthographic":false}