{"cameraMode":{"drawMode":0,"name":"Shaded","section":"Shading Mode"},"sceneLighting":true,"audioPlay":false,"sceneViewState":{"showFog":true,"showMaterialUpdate":false,"showSkybox":false,"showFlares":true,"showImageEffects":true,"showParticleSystems":true},"in2DMode":false,"pivot":{"x":98.20877838134766,"y":-93.79608154296875,"z":59.349403381347659},"rotation":{"x":-0.008375448174774647,"y":0.8314976096153259,"z":-0.5554091930389404,"w":-0.012458393350243569},"size":117.26045227050781,"orthographic":false}