{"cameraMode":{"drawMode":0,"name":"Shaded","section":"Shading Mode"},"sceneLighting":true,"audioPlay":false,"sceneViewState":{"showFog":true,"showMaterialUpdate":false,"showSkybox":false,"showFlares":true,"showImageEffects":true,"showParticleSystems":true},"in2DMode":false,"pivot":{"x":103.97606658935547,"y":36.443214416503909,"z":83.94215393066406},"rotation":{"x":0.5284730195999146,"y":-0.03793956711888313,"z":0.02358371391892433,"w":0.8478156924247742},"size":18.635690689086915,"orthographic":false}