{"cameraMode":{"drawMode":0,"name":"Shaded","section":"Shading Mode"},"sceneLighting":false,"audioPlay":false,"sceneViewState":{"showFog":true,"showMaterialUpdate":false,"showSkybox":false,"showFlares":true,"showImageEffects":true,"showParticleSystems":true},"in2DMode":false,"pivot":{"x":-0.7142362594604492,"y":-0.4808915853500366,"z":-0.3630955219268799},"rotation":{"x":0.20372961461544038,"y":-0.7463815808296204,"z":0.2639114558696747,"w":0.5760271549224854},"size":4.97681188583374,"orthographic":false}