{"cameraMode":{"drawMode":0,"name":"Shaded","section":"Shading Mode"},"sceneLighting":true,"audioPlay":false,"sceneViewState":{"showFog":true,"showMaterialUpdate":false,"showSkybox":false,"showFlares":true,"showImageEffects":true,"showParticleSystems":true},"in2DMode":false,"pivot":{"x":34.80836868286133,"y":24.511932373046876,"z":11.9163818359375},"rotation":{"x":0.4126742482185364,"y":-0.008202856406569481,"z":0.003701471257954836,"w":0.910853922367096},"size":520.2361450195313,"orthographic":false}