{"cameraMode":{"drawMode":0,"name":"Shaded","section":"Shading Mode"},"sceneLighting":true,"audioPlay":false,"sceneViewState":{"showFog":true,"showMaterialUpdate":false,"showSkybox":false,"showFlares":true,"showImageEffects":true,"showParticleSystems":true},"in2DMode":false,"pivot":{"x":-3.3635339736938478,"y":1.2004668712615967,"z":3.698298215866089},"rotation":{"x":0.15433120727539063,"y":-0.2044120877981186,"z":0.032622989267110828,"w":0.9661231637001038},"size":13.34262466430664,"orthographic":false}