{"cameraMode":{"drawMode":0,"name":"Shaded","section":"Shading Mode"},"sceneLighting":true,"audioPlay":false,"sceneViewState":{"showFog":true,"showMaterialUpdate":false,"showSkybox":false,"showFlares":true,"showImageEffects":true,"showParticleSystems":true},"in2DMode":false,"pivot":{"x":252.98046875,"y":530.1434936523438,"z":44.6585693359375},"rotation":{"x":0.1908033937215805,"y":0.015913883224129678,"z":-0.0030869937036186458,"w":0.9815316200256348},"size":829.3380737304688,"orthographic":false}