{"cameraMode":{"drawMode":0,"name":"Shaded","section":"Shading Mode"},"sceneLighting":true,"audioPlay":false,"sceneViewState":{"showFog":true,"showMaterialUpdate":false,"showSkybox":false,"showFlares":true,"showImageEffects":true,"showParticleSystems":true},"in2DMode":false,"pivot":{"x":1.5693788528442383,"y":-57.323524475097659,"z":-25.78618812561035},"rotation":{"x":-0.008375448174774647,"y":0.8314976096153259,"z":-0.5554091930389404,"w":-0.012458393350243569},"size":82.5114517211914,"orthographic":false}