{"cameraMode":{"drawMode":0,"name":"Shaded","section":"Shading Mode"},"sceneLighting":true,"audioPlay":false,"sceneViewState":{"showFog":true,"showMaterialUpdate":false,"showSkybox":false,"showFlares":true,"showImageEffects":true,"showParticleSystems":true},"in2DMode":false,"pivot":{"x":-3.1450836658477785,"y":5.465907096862793,"z":-10.386985778808594},"rotation":{"x":0.25276902318000796,"y":0.050764087587594989,"z":-0.013300088234245777,"w":0.9661197662353516},"size":6.672976970672607,"orthographic":false}