{"cameraMode":{"drawMode":0,"name":"Shaded","section":"Shading Mode"},"sceneLighting":false,"audioPlay":false,"sceneViewState":{"showFog":true,"showMaterialUpdate":false,"showSkybox":false,"showFlares":true,"showImageEffects":true,"showParticleSystems":true},"in2DMode":false,"pivot":{"x":-0.7142362594604492,"y":-0.4808915853500366,"z":-0.3630955219268799},"rotation":{"x":0.24266310036182404,"y":-0.2567640244960785,"z":0.06672350317239762,"w":0.9331576824188232},"size":8.076347351074219,"orthographic":false}