{"cameraMode":{"drawMode":0,"name":"Shaded","section":"Shading Mode"},"sceneLighting":true,"audioPlay":false,"sceneViewState":{"showFog":true,"showMaterialUpdate":false,"showSkybox":false,"showFlares":true,"showImageEffects":true,"showParticleSystems":true},"in2DMode":false,"pivot":{"x":13.660151481628418,"y":-36.75354766845703,"z":36.66578674316406},"rotation":{"x":-0.0025674968492239715,"y":-0.9036988615989685,"z":0.42820605635643008,"w":-0.005415904801338911},"size":66.3729019165039,"orthographic":false}