{"cameraMode":{"drawMode":0,"name":"Shaded","section":"Shading Mode"},"sceneLighting":true,"audioPlay":false,"sceneViewState":{"showFog":true,"showMaterialUpdate":false,"showSkybox":false,"showFlares":true,"showImageEffects":true,"showParticleSystems":true},"in2DMode":false,"pivot":{"x":-2.557067632675171,"y":1.8432445526123047,"z":1.9616570472717286},"rotation":{"x":-0.5658948421478272,"y":0.0022260909900069238,"z":-0.0015229994896799327,"w":-0.8245115280151367},"size":99.39710998535156,"orthographic":false}